{
  "formatVersion": 1,
  "database": {
    "version": 1,
    "identityHash": "348200095a55dedfa184d75cae074ca1",
    "entities": [
      {
        "tableName": "messages",
        "createSql": "CREATE TABLE IF NOT EXISTS `${TABLE_NAME}` (`remoteId` INTEGER PRIMARY KEY AUTOINCREMENT NOT NULL, `parentId` INTEGER NOT NULL, `personName` TEXT NOT NULL)",
        "fields": [
          {
            "fieldPath": "id",
            "columnName": "remoteId",
            "affinity": "INTEGER",
            "notNull": true
          },
          {
            "fieldPath": "parentId",
            "columnName": "parentId",
            "affinity": "INTEGER",
            "notNull": true
          },
          {
            "fieldPath": "personName",
            "columnName": "personName",
            "affinity": "TEXT",
            "notNull": true
          }
        ],
        "primaryKey": {
          "columnNames": [
            "remoteId"
          ],
          "autoGenerate": true
        },
        "indices": [],
        "foreignKeys": []
      },
      {
        "tableName": "chat",
        "createSql": "CREATE TABLE IF NOT EXISTS `${TABLE_NAME}` (`localId` INTEGER PRIMARY KEY AUTOINCREMENT NOT NULL, `message` TEXT NOT NULL, `isMyMessage` INTEGER NOT NULL, `time` TEXT NOT NULL, `parentId` INTEGER NOT NULL, FOREIGN KEY(`parentId`) REFERENCES `messages`(`remoteId`) ON UPDATE NO ACTION ON DELETE CASCADE )",
        "fields": [
          {
            "fieldPath": "id",
            "columnName": "localId",
            "affinity": "INTEGER",
            "notNull": true
          },
          {
            "fieldPath": "message",
            "columnName": "message",
            "affinity": "TEXT",
            "notNull": true
          },
          {
            "fieldPath": "isMyMessage",
            "columnName": "isMyMessage",
            "affinity": "INTEGER",
            "notNull": true
          },
          {
            "fieldPath": "time",
            "columnName": "time",
            "affinity": "TEXT",
            "notNull": true
          },
          {
            "fieldPath": "parentId",
            "columnName": "parentId",
            "affinity": "INTEGER",
            "notNull": true
          }
        ],
        "primaryKey": {
          "columnNames": [
            "localId"
          ],
          "autoGenerate": true
        },
        "indices": [
          {
            "name": "index_chat_parentId",
            "unique": false,
            "columnNames": [
              "parentId"
            ],
            "createSql": "CREATE INDEX IF NOT EXISTS `index_chat_parentId` ON `${TABLE_NAME}` (`parentId`)"
          }
        ],
        "foreignKeys": [
          {
            "table": "messages",
            "onDelete": "CASCADE",
            "onUpdate": "NO ACTION",
            "columns": [
              "parentId"
            ],
            "referencedColumns": [
              "remoteId"
            ]
          }
        ]
      }
    ],
    "views": [],
    "setupQueries": [
      "CREATE TABLE IF NOT EXISTS room_master_table (id INTEGER PRIMARY KEY,identity_hash TEXT)",
      "INSERT OR REPLACE INTO room_master_table (id,identity_hash) VALUES(42, '348200095a55dedfa184d75cae074ca1')"
    ]
  }
}